session_id,customer_id,session_date,channel,device,pages_viewed,converted
S000001,C0038,2025-05-21,referral,desktop,1,0
S000002,C0139,2025-10-11,organic_search,mobile,2,0
S000003,C0060,2025-06-08,email,desktop,2,0
S000004,C0099,2025-08-24,organic_search,mobile,4,0
S000005,,2025-07-23,email,desktop,5,0
S000006,C0151,2025-04-14,paid_search,mobile,2,0
S000007,C0093,2025-10-23,email,mobile,2,1
S000008,C0096,2025-02-24,organic_search,mobile,3,0
S000009,C0008,2025-06-26,organic_search,desktop,5,0
S000010,C0151,2025-10-18,paid_search,desktop,4,0
S000011,,2025-08-17,paid_social,desktop,5,0
S000012,,2025-04-13,referral,mobile,3,0
S000013,,2025-01-18,email,desktop,1,0
S000014,C0017,2025-11-03,email,desktop,5,0
S000015,,2025-06-13,email,desktop,6,0
S000016,C0115,2025-03-23,organic_search,mobile,3,0
S000017,,2025-05-12,direct,mobile,3,0
S000018,C0067,2025-09-20,paid_social,desktop,3,0
S000019,,2025-03-16,organic_search,mobile,5,0
S000020,C0113,2025-12-01,paid_search,mobile,7,0
S000021,,2025-09-04,organic_search,mobile,5,0
S000022,C0120,2025-04-10,paid_social,mobile,1,0
S000023,,2025-11-13,direct,desktop,5,0
S000024,,2025-07-17,paid_social,desktop,5,0
S000025,C0087,2025-06-15,paid_social,mobile,3,0
S000026,,2025-08-20,email,mobile,3,0
S000027,C0069,2025-08-03,organic_search,mobile,3,0
S000028,,2025-09-09,paid_search,mobile,7,0
S000029,C0040,2025-09-20,paid_search,desktop,3,0
S000030,,2025-05-12,paid_social,tablet,2,0
S000031,C0067,2025-05-03,direct,mobile,2,0
S000032,C0076,2025-03-15,referral,mobile,8,0
S000033,C0036,2025-08-15,paid_search,desktop,2,0
S000034,C0056,2025-05-22,email,mobile,3,0
S000035,C0183,2025-03-31,paid_search,mobile,6,0
S000036,,2025-04-16,paid_search,desktop,5,0
S000037,C0050,2025-10-26,organic_search,mobile,3,0
S000038,C0133,2025-06-27,organic_search,desktop,1,0
S000039,C0004,2025-07-29,direct,mobile,5,0
S000040,C0094,2025-01-19,paid_search,mobile,2,0
S000041,,2025-09-24,direct,tablet,5,0
S000042,,2025-06-14,paid_social,desktop,4,0
S000043,C0016,2025-05-30,direct,tablet,1,0
S000044,C0006,2025-05-05,referral,mobile,4,0
S000045,,2025-05-09,email,tablet,8,0
S000046,C0067,2025-01-10,paid_social,desktop,4,0
S000047,,2025-08-16,paid_search,desktop,3,0
S000048,,2025-09-10,email,desktop,3,0
S000049,,2025-03-04,organic_search,mobile,1,0
S000050,,2025-10-21,organic_search,mobile,1,0
S000051,C0005,2025-11-22,organic_search,mobile,5,0
S000052,C0199,2025-07-05,organic_search,mobile,1,0
S000053,C0145,2025-06-14,paid_social,desktop,6,0
S000054,C0064,2025-08-05,email,mobile,4,0
S000055,,2025-06-16,organic_search,mobile,5,0
S000056,C0199,2025-08-21,email,desktop,4,0
S000057,C0009,2025-11-25,email,desktop,1,0
S000058,,2025-02-21,organic_search,mobile,2,0
S000059,C0011,2025-05-28,paid_search,mobile,4,0
S000060,C0069,2025-02-13,organic_search,mobile,4,0
S000061,,2025-03-09,direct,desktop,2,0
S000062,C0190,2025-10-07,organic_search,mobile,3,0
S000063,,2025-07-17,paid_search,desktop,1,0
S000064,C0121,2025-06-08,paid_search,mobile,4,0
S000065,C0150,2025-07-22,paid_search,mobile,4,0
S000066,C0073,2025-04-21,organic_search,desktop,2,0
S000067,,2025-06-28,organic_search,mobile,2,0
S000068,C0028,2025-09-24,paid_search,tablet,5,0
S000069,,2025-06-22,email,mobile,4,0
S000070,,2025-09-23,paid_search,desktop,6,0
S000071,C0122,2025-05-18,paid_social,desktop,4,0
S000072,,2025-10-09,email,mobile,3,0
S000073,C0147,2025-03-18,organic_search,desktop,5,0
S000074,C0118,2025-05-28,paid_social,mobile,2,0
S000075,C0099,2025-11-28,organic_search,desktop,5,0
S000076,,2025-06-05,paid_social,mobile,2,0
S000077,C0060,2025-02-15,paid_social,mobile,6,0
S000078,C0110,2025-01-06,paid_search,mobile,3,0
S000079,,2025-10-02,paid_social,mobile,6,0
S000080,C0176,2025-08-09,organic_search,mobile,3,0
S000081,C0003,2025-12-13,paid_search,mobile,2,0
S000082,C0040,2025-04-07,referral,mobile,5,0
S000083,C0151,2025-06-25,email,desktop,5,0
S000084,,2025-06-09,organic_search,mobile,5,0
S000085,C0177,2025-06-25,paid_social,tablet,5,0
S000086,,2025-09-19,paid_search,desktop,2,0
S000087,C0016,2025-11-19,email,mobile,1,0
S000088,C0003,2025-01-02,organic_search,desktop,2,1
S000089,C0026,2025-10-28,paid_search,mobile,5,0
S000090,C0137,2025-09-21,referral,mobile,7,0
S000091,,2025-03-22,organic_search,mobile,4,0
S000092,C0126,2025-08-28,email,desktop,4,1
S000093,,2025-10-24,organic_search,desktop,3,0
S000094,,2025-02-20,direct,desktop,4,0
S000095,,2025-04-09,organic_search,mobile,7,0
S000096,C0012,2025-08-14,paid_search,mobile,5,0
S000097,,2025-10-28,direct,mobile,6,0
S000098,C0155,2025-05-10,referral,mobile,1,0
S000099,,2025-07-19,email,mobile,2,0
S000100,C0006,2025-05-05,paid_search,mobile,5,0
S000101,,2025-05-29,organic_search,mobile,1,0
S000102,C0167,2025-02-03,referral,mobile,7,0
S000103,C0100,2025-04-08,organic_search,mobile,2,1
S000104,C0062,2025-12-28,paid_search,mobile,4,0
S000105,C0143,2025-08-15,organic_search,desktop,4,0
S000106,C0162,2025-10-25,paid_search,tablet,5,0
S000107,,2025-08-20,email,desktop,6,0
S000108,C0095,2025-10-01,paid_search,desktop,3,0
S000109,C0032,2025-12-14,organic_search,mobile,3,0
S000110,C0146,2025-03-16,organic_search,mobile,7,0
S000111,,2025-04-29,organic_search,desktop,5,0
S000112,C0129,2025-06-02,paid_search,desktop,5,0
S000113,,2025-07-24,organic_search,mobile,6,0
S000114,C0034,2025-05-22,paid_search,mobile,2,0
S000115,C0106,2025-01-13,email,desktop,4,0
S000116,C0047,2025-05-30,paid_search,desktop,7,0
S000117,C0011,2025-07-27,paid_search,mobile,4,0
S000118,,2025-06-09,email,desktop,5,0
S000119,C0059,2025-10-19,organic_search,mobile,6,0
S000120,C0029,2025-12-02,organic_search,mobile,2,0
S000121,C0013,2025-05-06,email,mobile,2,0
S000122,C0107,2025-12-22,paid_social,tablet,7,0
S000123,,2025-09-27,paid_search,desktop,1,0
S000124,C0190,2025-12-19,paid_social,desktop,6,0
S000125,,2025-12-24,paid_search,desktop,5,0
S000126,C0049,2025-01-23,referral,desktop,1,0
S000127,,2025-03-25,referral,desktop,2,0
S000128,,2025-07-03,organic_search,mobile,3,0
S000129,C0036,2025-03-11,email,mobile,1,1
S000130,C0035,2025-11-25,organic_search,mobile,4,0
S000131,,2025-10-16,paid_search,desktop,5,0
S000132,C0174,2025-12-08,paid_search,tablet,5,0
S000133,C0053,2025-02-28,email,mobile,3,0
S000134,C0029,2025-12-26,organic_search,tablet,4,0
S000135,C0146,2025-07-05,organic_search,mobile,6,0
S000136,C0192,2025-06-19,referral,mobile,4,0
S000137,C0112,2025-09-08,paid_search,mobile,8,0
S000138,C0188,2025-12-01,email,desktop,4,1
S000139,C0007,2025-07-22,paid_social,mobile,5,0
S000140,C0044,2025-02-22,paid_social,desktop,6,0
S000141,C0048,2025-11-28,paid_social,mobile,2,0
S000142,C0062,2025-01-30,paid_search,mobile,5,0
S000143,C0181,2025-07-26,direct,desktop,1,0
S000144,,2025-10-25,email,mobile,4,0
S000145,,2025-03-12,organic_search,tablet,4,0
S000146,C0049,2025-04-22,paid_social,mobile,4,0
S000147,C0131,2025-08-06,paid_search,mobile,6,0
S000148,,2025-01-05,email,desktop,5,0
S000149,C0043,2025-07-13,organic_search,mobile,2,0
S000150,,2025-06-15,organic_search,mobile,3,0
S000151,C0161,2025-03-21,referral,tablet,1,0
S000152,C0156,2025-12-04,organic_search,mobile,1,0
S000153,C0166,2025-03-12,organic_search,mobile,4,0
S000154,C0115,2025-12-20,paid_search,desktop,3,0
S000155,C0107,2025-07-04,organic_search,mobile,3,0
S000156,C0141,2025-02-27,paid_search,desktop,4,0
S000157,,2025-12-10,organic_search,mobile,2,0
S000158,C0029,2025-09-20,direct,mobile,3,0
S000159,C0113,2025-03-10,direct,mobile,3,0
S000160,C0185,2025-09-21,paid_search,desktop,1,0
S000161,,2025-04-09,email,desktop,6,0
S000162,,2025-05-02,paid_search,mobile,6,0
S000163,C0055,2025-08-24,organic_search,desktop,1,0
S000164,C0145,2025-02-28,direct,desktop,5,0
S000165,C0088,2025-12-15,paid_search,mobile,4,0
S000166,C0126,2025-01-23,paid_social,mobile,6,0
S000167,C0155,2025-02-27,paid_search,desktop,4,0
S000168,,2025-10-25,organic_search,desktop,5,0
S000169,C0019,2025-05-13,paid_search,mobile,3,0
S000170,,2025-05-09,organic_search,desktop,6,0
S000171,C0114,2025-01-08,paid_search,tablet,1,1
S000172,C0020,2025-04-04,email,desktop,4,0
S000173,C0041,2025-12-21,paid_social,mobile,5,0
S000174,C0056,2025-06-09,direct,mobile,2,0
S000175,,2025-07-04,paid_social,mobile,1,0
S000176,C0086,2025-10-24,organic_search,mobile,4,0
S000177,C0156,2025-01-24,email,desktop,5,1
S000178,C0092,2025-10-19,email,mobile,5,0
S000179,C0144,2025-02-18,direct,desktop,2,0
S000180,,2025-05-02,direct,desktop,1,0
S000181,C0078,2025-06-24,paid_social,mobile,2,0
S000182,C0016,2025-12-27,organic_search,mobile,2,0
S000183,C0095,2025-05-05,paid_social,tablet,4,0
S000184,C0104,2025-08-17,organic_search,desktop,5,0
S000185,C0037,2025-06-04,paid_social,mobile,1,0
S000186,,2025-04-08,email,mobile,2,0
S000187,,2025-10-25,organic_search,mobile,7,0
S000188,C0018,2025-09-06,organic_search,mobile,3,0
S000189,C0195,2025-03-26,email,mobile,4,0
S000190,C0073,2025-09-14,email,mobile,4,0
S000191,C0154,2025-01-25,paid_search,desktop,5,0
S000192,,2025-10-02,email,mobile,2,0
S000193,C0008,2025-04-19,organic_search,desktop,6,0
S000194,C0045,2025-01-30,direct,desktop,4,0
S000195,C0199,2025-09-11,referral,mobile,7,1
S000196,C0168,2025-06-10,paid_search,desktop,2,0
S000197,C0024,2025-01-10,paid_search,mobile,4,0
S000198,C0138,2025-12-15,email,mobile,3,0
S000199,C0085,2025-04-28,paid_social,mobile,3,0
S000200,C0198,2025-10-09,referral,mobile,1,0
S000201,C0071,2025-03-09,organic_search,mobile,6,0
S000202,,2025-11-18,paid_search,desktop,6,0
S000203,,2025-01-15,email,mobile,2,0
S000204,C0067,2025-11-07,organic_search,mobile,3,0
S000205,C0200,2025-03-24,organic_search,mobile,3,0
S000206,,2025-06-26,direct,mobile,1,0
S000207,,2025-01-14,paid_search,desktop,6,0
S000208,C0090,2025-01-31,paid_search,mobile,5,0
S000209,C0169,2025-11-18,direct,mobile,7,0
S000210,C0084,2025-08-06,email,mobile,4,0
S000211,,2025-10-19,paid_social,mobile,7,0
S000212,C0035,2025-06-03,organic_search,mobile,2,0
S000213,C0042,2025-06-13,email,mobile,1,0
S000214,,2025-07-04,paid_search,desktop,4,0
S000215,C0112,2025-03-13,referral,mobile,4,0
S000216,,2025-06-04,paid_search,desktop,4,0
S000217,,2025-03-28,organic_search,mobile,1,0
S000218,C0102,2025-06-21,referral,mobile,5,0
S000219,C0177,2025-01-08,paid_search,mobile,4,0
S000220,,2025-06-12,paid_search,mobile,6,0
S000221,C0035,2025-09-27,organic_search,mobile,3,0
S000222,C0029,2025-09-29,organic_search,mobile,2,0
S000223,C0056,2025-04-25,paid_social,mobile,4,0
S000224,,2025-09-18,paid_search,desktop,5,0
S000225,C0069,2025-01-06,organic_search,mobile,2,0
S000226,C0191,2025-05-18,organic_search,mobile,4,0
S000227,C0100,2025-07-17,direct,desktop,6,0
S000228,C0066,2025-12-22,email,mobile,2,0
S000229,,2025-03-01,paid_search,desktop,7,0
S000230,C0143,2025-06-16,email,mobile,4,0
S000231,C0148,2025-01-01,organic_search,desktop,2,0
S000232,C0162,2025-07-13,organic_search,mobile,4,0
S000233,,2025-12-04,email,mobile,2,0
S000234,,2025-11-10,paid_social,mobile,2,0
S000235,C0185,2025-06-28,organic_search,mobile,4,0
S000236,C0135,2025-04-15,organic_search,desktop,5,0
S000237,,2025-12-05,organic_search,desktop,5,0
S000238,C0012,2025-06-14,organic_search,desktop,1,0
S000239,,2025-03-20,paid_social,mobile,2,0
S000240,C0078,2025-08-20,email,mobile,6,0
S000241,C0029,2025-08-19,email,desktop,5,1
S000242,,2025-09-08,organic_search,mobile,6,0
S000243,C0088,2025-07-15,organic_search,mobile,5,0
S000244,C0140,2025-05-21,direct,mobile,4,0
S000245,C0135,2025-11-22,organic_search,mobile,7,0
S000246,C0012,2025-08-15,organic_search,mobile,7,0
S000247,C0111,2025-11-28,email,mobile,4,0
S000248,C0183,2025-10-25,organic_search,desktop,7,0
S000249,,2025-08-17,organic_search,mobile,1,0
S000250,C0007,2025-02-25,email,mobile,4,0
S000251,C0107,2025-08-31,paid_search,mobile,3,0
S000252,,2025-04-29,paid_social,mobile,4,0
S000253,,2025-12-15,organic_search,mobile,2,0
S000254,,2025-02-09,email,mobile,5,0
S000255,C0193,2025-04-21,email,mobile,2,0
S000256,,2025-12-20,paid_social,desktop,1,0
S000257,,2025-07-28,paid_social,desktop,5,0
S000258,C0002,2025-04-06,referral,mobile,5,0
S000259,C0066,2025-12-06,direct,mobile,1,0
S000260,C0098,2025-08-12,direct,mobile,3,0
S000261,,2025-10-02,email,desktop,2,0
S000262,,2025-06-24,paid_search,desktop,1,0
S000263,C0014,2025-06-10,paid_search,mobile,7,1
S000264,,2025-08-13,organic_search,desktop,2,0
S000265,C0152,2025-11-09,organic_search,desktop,1,0
S000266,C0164,2025-03-05,paid_search,desktop,5,1
S000267,C0047,2025-01-08,direct,mobile,4,0
S000268,C0076,2025-04-19,organic_search,mobile,1,0
S000269,C0133,2025-02-21,organic_search,mobile,4,0
S000270,C0181,2025-08-15,email,mobile,4,1
S000271,C0011,2025-03-23,paid_social,mobile,4,0
S000272,C0040,2025-06-08,direct,mobile,6,0
S000273,,2025-12-07,referral,mobile,5,0
S000274,C0058,2025-12-02,organic_search,mobile,4,0
S000275,C0111,2025-06-20,email,mobile,4,0
S000276,C0135,2025-09-27,paid_search,mobile,3,1
S000277,C0024,2025-04-13,organic_search,desktop,1,0
S000278,,2025-05-19,paid_social,desktop,2,0
S000279,C0149,2025-06-03,paid_search,mobile,5,0
S000280,C0013,2025-03-30,organic_search,mobile,3,0
S000281,C0046,2025-02-26,paid_social,mobile,6,0
S000282,C0042,2025-11-01,organic_search,mobile,5,0
S000283,C0106,2025-11-28,email,mobile,4,0
S000284,C0093,2025-03-28,email,mobile,3,1
S000285,C0123,2025-06-05,paid_search,mobile,4,0
S000286,C0031,2025-06-16,organic_search,mobile,3,0
S000287,C0094,2025-04-12,organic_search,mobile,8,0
S000288,C0062,2025-02-18,paid_search,desktop,3,0
S000289,C0147,2025-04-18,email,mobile,4,0
S000290,,2025-07-21,email,mobile,2,0
S000291,C0031,2025-02-13,email,mobile,4,0
S000292,C0063,2025-02-07,email,tablet,7,1
S000293,C0178,2025-03-31,paid_social,mobile,4,0
S000294,,2025-07-30,paid_social,mobile,1,0
S000295,C0038,2025-09-19,email,mobile,3,0
S000296,,2025-06-19,paid_social,mobile,4,0
S000297,,2025-09-03,paid_search,mobile,3,0
S000298,C0017,2025-04-12,direct,mobile,4,0
S000299,C0167,2025-06-28,email,desktop,1,0
S000300,,2025-12-22,direct,desktop,4,0
S000301,C0175,2025-10-30,paid_search,mobile,1,0
S000302,C0152,2025-09-30,email,desktop,1,1
S000303,C0065,2025-04-29,paid_search,mobile,1,0
S000304,C0182,2025-01-26,organic_search,desktop,2,0
S000305,C0088,2025-07-14,organic_search,mobile,1,0
S000306,C0110,2025-06-06,paid_search,mobile,1,1
S000307,,2025-09-01,organic_search,desktop,2,0
S000308,,2025-07-01,organic_search,mobile,4,0
S000309,,2025-06-21,paid_search,mobile,3,0
S000310,C0062,2025-03-03,paid_search,desktop,1,0
S000311,C0100,2025-05-19,organic_search,mobile,4,0
S000312,C0101,2025-06-07,organic_search,tablet,5,0
S000313,C0049,2025-03-25,organic_search,mobile,4,0
S000314,C0169,2025-05-09,paid_social,desktop,3,0
S000315,C0193,2025-09-21,email,mobile,4,0
S000316,C0085,2025-08-16,organic_search,mobile,2,0
S000317,C0176,2025-07-12,direct,desktop,6,0
S000318,C0005,2025-01-30,direct,desktop,5,0
S000319,C0080,2025-09-20,direct,desktop,3,0
S000320,,2025-05-19,paid_search,mobile,3,0
S000321,C0012,2025-07-20,paid_search,mobile,6,0
S000322,C0007,2025-08-04,organic_search,mobile,3,0
S000323,C0164,2025-07-14,organic_search,tablet,1,0
S000324,C0127,2025-01-25,paid_social,mobile,7,0
S000325,C0016,2025-03-25,organic_search,mobile,2,0
S000326,C0199,2025-07-04,referral,mobile,1,0
S000327,C0051,2025-11-14,organic_search,mobile,5,0
S000328,C0121,2025-05-17,paid_search,desktop,4,0
S000329,C0105,2025-11-23,paid_search,desktop,5,0
S000330,C0172,2025-07-30,paid_social,mobile,4,0
S000331,C0136,2025-05-28,direct,mobile,3,0
S000332,C0079,2025-07-01,email,mobile,4,0
S000333,C0141,2025-02-19,paid_social,desktop,1,0
S000334,C0166,2025-04-01,referral,desktop,5,0
S000335,C0101,2025-06-24,organic_search,mobile,1,0
S000336,,2025-09-24,organic_search,desktop,7,0
S000337,,2025-04-20,organic_search,mobile,1,0
S000338,C0171,2025-05-01,email,mobile,5,0
S000339,,2025-12-14,paid_social,desktop,5,0
S000340,C0129,2025-03-05,direct,desktop,6,0
S000341,C0167,2025-07-15,direct,mobile,3,0
S000342,,2025-02-04,paid_social,desktop,1,0
S000343,C0156,2025-04-20,direct,mobile,2,0
S000344,,2025-01-12,email,mobile,6,0
S000345,C0084,2025-04-22,paid_search,desktop,5,1
S000346,C0143,2025-11-01,paid_social,mobile,5,0
S000347,,2025-04-25,organic_search,desktop,6,0
S000348,,2025-10-12,paid_social,mobile,3,0
S000349,C0148,2025-10-02,paid_social,mobile,5,0
S000350,C0162,2025-05-21,paid_social,mobile,7,0
S000351,C0151,2025-07-29,paid_search,desktop,7,0
S000352,C0065,2025-02-06,email,mobile,3,0
S000353,C0182,2025-11-13,organic_search,mobile,4,0
S000354,,2025-09-22,paid_search,desktop,5,0
S000355,C0191,2025-04-11,paid_social,mobile,4,0
S000356,C0006,2025-11-10,paid_social,mobile,1,0
S000357,,2025-11-25,paid_social,desktop,3,0
S000358,,2025-11-20,organic_search,mobile,5,0
S000359,,2025-03-31,email,mobile,7,0
S000360,C0088,2025-02-24,direct,mobile,4,0
S000361,C0022,2025-06-22,paid_social,mobile,4,0
S000362,C0131,2025-07-19,paid_search,mobile,3,1
S000363,C0182,2025-05-23,direct,tablet,1,0
S000364,C0112,2025-03-10,paid_search,mobile,5,0
S000365,C0008,2025-01-05,paid_social,tablet,6,0
S000366,C0019,2025-06-15,organic_search,mobile,5,0
S000367,C0053,2025-01-04,paid_search,desktop,3,0
S000368,,2025-04-13,organic_search,mobile,4,0
S000369,C0176,2025-12-28,direct,desktop,1,0
S000370,,2025-11-30,email,desktop,2,0
S000371,,2025-11-29,organic_search,desktop,3,0
S000372,C0098,2025-02-02,email,desktop,3,0
S000373,,2025-10-17,paid_social,desktop,1,0
S000374,,2025-02-18,direct,mobile,1,0
S000375,,2025-08-27,paid_search,mobile,5,0
S000376,C0143,2025-11-23,email,mobile,3,1
S000377,C0123,2025-02-23,paid_social,desktop,4,0
S000378,C0083,2025-02-24,organic_search,tablet,4,0
S000379,C0019,2025-01-16,email,desktop,1,0
S000380,C0020,2025-12-28,paid_search,mobile,3,0
S000381,C0002,2025-10-14,paid_social,mobile,5,0
S000382,,2025-11-29,paid_social,desktop,1,0
S000383,C0157,2025-02-14,organic_search,mobile,6,0
S000384,C0026,2025-02-15,organic_search,mobile,5,0
S000385,,2025-11-07,email,mobile,4,0
S000386,,2025-12-16,email,mobile,4,0
S000387,C0117,2025-07-28,direct,mobile,4,0
S000388,,2025-01-12,paid_social,desktop,7,0
S000389,,2025-12-15,paid_search,desktop,4,0
S000390,C0076,2025-08-15,organic_search,mobile,3,0
S000391,C0008,2025-06-16,organic_search,mobile,6,0
S000392,C0160,2025-06-16,organic_search,mobile,8,0
S000393,,2025-04-29,organic_search,mobile,4,0
S000394,C0062,2025-06-25,paid_social,mobile,3,0
S000395,C0081,2025-08-06,email,mobile,1,0
S000396,C0167,2025-12-06,organic_search,desktop,2,0
S000397,C0177,2025-11-20,paid_search,mobile,2,1
S000398,,2025-03-02,referral,mobile,8,0
S000399,C0176,2025-03-27,email,desktop,4,0
S000400,,2025-12-20,direct,desktop,2,0
S000401,C0168,2025-11-26,paid_social,mobile,4,0
S000402,,2025-02-04,organic_search,mobile,4,0
S000403,,2025-10-13,paid_search,mobile,6,0
S000404,,2025-08-19,paid_search,mobile,3,0
S000405,C0105,2025-12-23,email,mobile,3,0
S000406,C0053,2025-01-16,organic_search,desktop,3,0
S000407,,2025-06-29,email,mobile,5,0
S000408,C0041,2025-12-04,email,mobile,4,0
S000409,,2025-09-04,paid_search,tablet,1,0
S000410,C0058,2025-02-01,paid_search,mobile,5,0
S000411,,2025-07-01,organic_search,desktop,6,0
S000412,,2025-07-07,paid_search,desktop,6,0
S000413,C0043,2025-05-27,paid_social,desktop,6,0
S000414,C0094,2025-05-04,email,mobile,4,0
S000415,,2025-12-06,organic_search,mobile,3,0
S000416,C0029,2025-08-24,email,mobile,6,0
S000417,C0045,2025-04-29,organic_search,mobile,4,0
S000418,,2025-06-23,email,mobile,5,0
S000419,,2025-04-21,email,desktop,7,0
S000420,,2025-08-10,organic_search,mobile,3,0
S000421,,2025-06-11,paid_search,mobile,3,0
S000422,C0188,2025-03-09,paid_search,mobile,8,0
S000423,,2025-12-06,paid_social,mobile,3,0
S000424,,2025-09-18,paid_search,desktop,1,0
S000425,C0007,2025-11-26,organic_search,desktop,2,0
S000426,C0167,2025-07-06,paid_search,desktop,3,0
S000427,C0095,2025-12-03,direct,mobile,4,0
S000428,,2025-04-22,direct,mobile,6,0
S000429,C0050,2025-06-05,paid_social,mobile,5,0
S000430,,2025-09-05,paid_search,mobile,3,0
S000431,C0191,2025-09-09,email,mobile,5,0
S000432,C0117,2025-05-19,paid_search,tablet,3,0
S000433,C0088,2025-07-31,email,mobile,3,0
S000434,,2025-11-08,paid_social,desktop,4,0
S000435,C0141,2025-12-31,organic_search,mobile,2,0
S000436,C0134,2025-03-11,email,desktop,3,1
S000437,,2025-03-27,paid_search,desktop,4,0
S000438,C0058,2025-03-19,referral,mobile,2,0
S000439,C0014,2025-08-12,direct,mobile,5,0
S000440,C0036,2025-08-04,paid_search,mobile,4,0
S000441,C0181,2025-09-20,email,mobile,1,0
S000442,C0134,2025-10-13,paid_search,mobile,4,0
S000443,C0047,2025-12-21,referral,desktop,1,0
S000444,C0180,2025-01-30,email,mobile,6,0
S000445,C0003,2025-08-16,organic_search,desktop,3,0
S000446,C0060,2025-08-09,paid_search,tablet,1,0
S000447,C0035,2025-04-30,organic_search,desktop,2,0
S000448,C0164,2025-04-21,direct,mobile,5,0
S000449,C0158,2025-08-04,email,mobile,2,0
S000450,C0195,2025-08-12,organic_search,desktop,4,0
S000451,C0200,2025-03-24,organic_search,mobile,2,0
S000452,,2025-05-08,paid_social,tablet,2,0
S000453,,2025-06-04,email,mobile,6,0
S000454,C0197,2025-10-29,paid_search,desktop,4,0
S000455,C0144,2025-05-20,paid_search,desktop,4,0
S000456,,2025-03-31,organic_search,desktop,3,0
S000457,C0005,2025-01-13,paid_search,desktop,5,0
S000458,C0082,2025-05-30,organic_search,mobile,3,0
S000459,,2025-02-12,organic_search,mobile,4,0
S000460,C0034,2025-06-18,organic_search,mobile,4,0
S000461,C0144,2025-01-27,paid_social,desktop,2,1
S000462,C0019,2025-08-30,paid_search,mobile,4,0
S000463,C0120,2025-04-29,email,desktop,1,1
S000464,C0056,2025-02-25,paid_social,mobile,4,0
S000465,C0134,2025-09-30,organic_search,mobile,4,0
S000466,,2025-12-20,organic_search,mobile,4,0
S000467,,2025-06-09,referral,desktop,4,0
S000468,C0087,2025-12-27,paid_social,tablet,4,0
S000469,C0081,2025-09-25,paid_social,mobile,3,0
S000470,C0039,2025-03-31,direct,desktop,3,0
S000471,,2025-03-03,paid_social,desktop,6,0
S000472,C0080,2025-02-08,paid_search,mobile,1,0
S000473,C0065,2025-12-09,organic_search,mobile,6,0
S000474,C0137,2025-08-17,paid_social,desktop,1,0
S000475,,2025-08-22,paid_search,desktop,6,0
S000476,C0143,2025-03-08,paid_search,desktop,6,1
S000477,C0193,2025-12-05,paid_social,mobile,5,0
S000478,C0014,2025-01-17,organic_search,desktop,5,0
S000479,,2025-02-06,organic_search,desktop,2,0
S000480,,2025-07-18,paid_social,mobile,2,0
S000481,C0032,2025-05-05,organic_search,mobile,8,0
S000482,C0099,2025-08-31,paid_search,mobile,6,0
S000483,C0101,2025-04-14,paid_social,mobile,5,0
S000484,C0087,2025-05-07,paid_search,mobile,8,0
S000485,C0158,2025-06-14,organic_search,desktop,5,0
S000486,,2025-01-01,direct,mobile,1,0
S000487,,2025-05-11,email,desktop,5,0
S000488,C0069,2025-07-07,organic_search,desktop,3,0
S000489,,2025-04-27,paid_search,desktop,4,0
S000490,C0063,2025-11-26,paid_social,tablet,1,0
S000491,C0079,2025-05-10,organic_search,mobile,2,0
S000492,C0172,2025-01-29,organic_search,desktop,4,0
S000493,C0036,2025-12-13,organic_search,desktop,5,0
S000494,C0121,2025-08-25,paid_social,desktop,1,0
S000495,C0064,2025-02-02,paid_search,mobile,7,0
S000496,,2025-02-04,organic_search,mobile,4,0
S000497,C0164,2025-07-25,organic_search,mobile,1,0
S000498,C0082,2025-06-26,paid_social,mobile,5,0
S000499,C0028,2025-11-04,email,desktop,1,0
S000500,C0171,2025-04-27,paid_search,mobile,3,0
S000501,C0179,2025-03-05,email,mobile,1,1
S000502,,2025-02-17,paid_search,mobile,4,0
S000503,C0191,2025-07-02,paid_search,desktop,3,0
S000504,C0189,2025-08-10,paid_search,desktop,3,1
S000505,C0084,2025-06-04,referral,mobile,6,0
S000506,,2025-03-15,email,mobile,3,0
S000507,C0043,2025-04-04,paid_search,desktop,4,0
S000508,,2025-01-29,paid_search,mobile,3,0
S000509,C0183,2025-12-31,referral,mobile,6,0
S000510,C0008,2025-08-06,paid_search,desktop,2,0
S000511,,2025-04-21,organic_search,mobile,4,0
S000512,C0184,2025-03-26,paid_social,mobile,4,0
S000513,C0045,2025-04-29,email,desktop,4,0
S000514,C0183,2025-11-01,paid_social,mobile,6,0
S000515,C0014,2025-09-08,direct,mobile,4,0
S000516,C0037,2025-06-13,organic_search,desktop,4,0
S000517,C0197,2025-05-06,referral,mobile,5,0
S000518,C0163,2025-04-22,organic_search,mobile,2,0
S000519,,2025-06-01,paid_search,mobile,1,0
S000520,C0071,2025-08-30,organic_search,mobile,5,0
S000521,C0060,2025-02-07,organic_search,mobile,4,0
S000522,C0181,2025-12-20,paid_social,desktop,4,0
S000523,C0141,2025-01-04,paid_search,desktop,1,0
S000524,C0111,2025-11-14,organic_search,mobile,4,0
S000525,C0176,2025-03-16,email,desktop,2,0
S000526,,2025-03-22,organic_search,mobile,5,0
S000527,,2025-03-01,paid_search,desktop,6,0
S000528,C0113,2025-09-11,organic_search,mobile,3,1
S000529,C0084,2025-11-24,direct,mobile,3,0
S000530,C0005,2025-07-09,paid_social,mobile,6,0
S000531,C0004,2025-05-22,direct,mobile,1,0
S000532,,2025-04-18,paid_search,desktop,4,0
S000533,,2025-04-27,paid_search,mobile,7,0
S000534,C0028,2025-03-15,email,desktop,7,0
S000535,C0112,2025-04-09,paid_search,mobile,3,0
S000536,C0046,2025-11-02,paid_search,mobile,1,0
S000537,,2025-01-20,paid_search,desktop,3,0
S000538,,2025-04-03,paid_search,mobile,3,0
S000539,C0051,2025-07-04,paid_search,desktop,3,0
S000540,C0007,2025-12-11,paid_social,mobile,5,0
S000541,,2025-06-29,email,desktop,1,0
S000542,C0113,2025-10-08,paid_social,mobile,4,0
S000543,C0154,2025-11-21,organic_search,mobile,7,0
S000544,C0037,2025-09-12,paid_search,mobile,2,0
S000545,,2025-12-26,organic_search,mobile,4,0
S000546,C0146,2025-07-14,paid_social,mobile,2,0
S000547,C0158,2025-03-24,organic_search,mobile,3,0
S000548,C0002,2025-10-24,email,mobile,8,0
S000549,,2025-11-09,organic_search,mobile,1,0
S000550,C0022,2025-09-09,direct,desktop,2,0
S000551,C0147,2025-08-01,direct,mobile,1,0
S000552,C0027,2025-07-12,organic_search,mobile,6,0
S000553,C0186,2025-05-12,paid_search,mobile,3,0
S000554,,2025-02-03,email,mobile,4,0
S000555,C0131,2025-09-14,referral,mobile,1,0
S000556,C0082,2025-07-25,email,desktop,2,0
S000557,,2025-03-16,paid_social,mobile,1,0
S000558,C0034,2025-06-30,email,mobile,1,0
S000559,C0009,2025-08-16,organic_search,mobile,6,0
S000560,C0121,2025-02-11,paid_social,mobile,1,0
S000561,,2025-03-11,email,desktop,1,0
S000562,,2025-03-26,paid_search,desktop,1,0
S000563,C0058,2025-05-09,organic_search,mobile,7,0
S000564,C0017,2025-11-19,organic_search,desktop,9,0
S000565,,2025-08-02,direct,desktop,2,0
S000566,,2025-08-26,organic_search,mobile,1,0
S000567,,2025-05-13,paid_search,desktop,2,0
S000568,,2025-03-12,direct,mobile,3,0
S000569,C0145,2025-07-08,paid_search,mobile,5,0
S000570,,2025-07-14,referral,tablet,3,0
S000571,,2025-10-26,organic_search,mobile,2,0
S000572,C0082,2025-04-15,organic_search,tablet,3,0
S000573,C0200,2025-12-17,email,mobile,5,0
S000574,C0045,2025-07-04,paid_search,mobile,3,0
S000575,C0182,2025-10-28,paid_search,mobile,2,0
S000576,,2025-05-02,email,desktop,3,0
S000577,C0050,2025-12-14,email,desktop,3,0
S000578,,2025-10-19,email,mobile,9,0
S000579,C0182,2025-10-29,organic_search,mobile,1,0
S000580,,2025-04-18,direct,mobile,1,0
S000581,C0132,2025-06-15,email,mobile,4,0
S000582,C0109,2025-02-26,paid_social,desktop,3,0
S000583,C0170,2025-01-12,referral,tablet,6,0
S000584,,2025-07-07,email,mobile,3,0
S000585,C0066,2025-10-06,paid_search,mobile,5,0
S000586,,2025-09-15,email,mobile,6,0
S000587,C0119,2025-10-06,paid_social,desktop,4,0
S000588,,2025-07-02,paid_search,mobile,5,0
S000589,C0100,2025-08-08,organic_search,desktop,4,0
S000590,C0129,2025-05-03,direct,desktop,6,0
S000591,,2025-02-12,paid_social,desktop,3,0
S000592,C0019,2025-09-20,paid_social,mobile,4,0
S000593,,2025-08-10,organic_search,desktop,3,0
S000594,,2025-01-24,organic_search,tablet,1,0
S000595,C0191,2025-03-22,paid_social,desktop,3,0
S000596,C0192,2025-04-08,organic_search,mobile,4,0
S000597,C0170,2025-08-21,paid_search,desktop,5,0
S000598,,2025-02-14,organic_search,mobile,4,0
S000599,C0064,2025-05-17,email,mobile,6,0
S000600,,2025-02-13,paid_search,mobile,4,0
S000601,C0161,2025-02-21,organic_search,desktop,3,0
S000602,C0115,2025-05-30,paid_search,mobile,4,0
S000603,,2025-02-04,organic_search,mobile,2,0
S000604,C0185,2025-01-24,paid_social,desktop,1,0
S000605,C0062,2025-01-28,paid_search,desktop,3,0
S000606,C0071,2025-03-24,referral,mobile,5,1
S000607,,2025-08-09,direct,desktop,6,0
S000608,C0030,2025-07-14,paid_search,mobile,7,0
S000609,C0022,2025-06-06,referral,mobile,6,0
S000610,C0165,2025-10-17,organic_search,mobile,2,0
S000611,C0033,2025-07-11,organic_search,mobile,6,0
S000612,,2025-01-12,organic_search,desktop,3,0
S000613,,2025-09-30,organic_search,mobile,2,0
S000614,C0122,2025-05-08,paid_social,desktop,2,0
S000615,C0076,2025-07-25,paid_social,mobile,3,0
S000616,C0092,2025-12-30,organic_search,mobile,5,0
S000617,C0054,2025-04-30,referral,mobile,3,0
S000618,,2025-10-08,paid_search,mobile,2,0
S000619,,2025-11-08,organic_search,desktop,7,0
S000620,,2025-06-22,organic_search,desktop,3,0
S000621,C0048,2025-09-07,paid_search,mobile,4,0
S000622,C0108,2025-08-13,organic_search,mobile,3,0
S000623,C0183,2025-03-22,organic_search,mobile,3,0
S000624,,2025-01-28,organic_search,mobile,2,0
S000625,C0096,2025-09-18,paid_search,desktop,2,0
S000626,,2025-01-11,organic_search,mobile,4,0
S000627,C0189,2025-07-10,paid_search,mobile,4,0
S000628,,2025-10-24,email,desktop,4,0
S000629,,2025-04-13,paid_social,desktop,4,0
S000630,C0083,2025-03-04,paid_search,mobile,6,0
S000631,C0131,2025-08-24,paid_search,mobile,3,0
S000632,C0030,2025-06-19,referral,mobile,5,0
S000633,,2025-10-28,paid_search,desktop,1,0
S000634,C0121,2025-09-03,organic_search,mobile,3,0
S000635,C0154,2025-11-16,paid_search,mobile,1,0
S000636,C0067,2025-08-14,direct,desktop,4,0
S000637,C0178,2025-01-02,paid_search,desktop,4,0
S000638,C0180,2025-06-28,organic_search,tablet,4,0
S000639,C0127,2025-02-28,organic_search,desktop,5,0
S000640,C0158,2025-10-14,email,mobile,7,0
S000641,C0095,2025-02-28,organic_search,tablet,3,0
S000642,,2025-03-24,organic_search,tablet,3,0
S000643,C0103,2025-01-02,paid_search,desktop,2,0
S000644,,2025-12-27,organic_search,desktop,2,0
S000645,C0188,2025-01-30,paid_search,mobile,6,0
S000646,C0121,2025-04-12,organic_search,mobile,3,0
S000647,,2025-11-27,organic_search,desktop,4,0
S000648,C0075,2025-10-09,organic_search,desktop,1,0
S000649,,2025-05-21,organic_search,desktop,1,0
S000650,C0147,2025-04-24,email,desktop,3,0
S000651,,2025-07-06,organic_search,mobile,4,0
S000652,C0021,2025-11-10,email,mobile,4,0
S000653,C0038,2025-05-17,paid_social,mobile,8,1
S000654,C0059,2025-08-14,paid_search,desktop,1,0
S000655,,2025-04-04,paid_search,desktop,3,0
S000656,C0017,2025-02-06,paid_search,desktop,4,1
S000657,C0172,2025-05-23,organic_search,desktop,5,0
S000658,C0072,2025-10-11,direct,desktop,4,0
S000659,,2025-02-16,direct,desktop,1,0
S000660,C0098,2025-12-25,organic_search,mobile,4,0
S000661,C0057,2025-05-24,organic_search,tablet,2,0
S000662,,2025-02-18,paid_search,tablet,3,0
S000663,C0131,2025-06-28,organic_search,mobile,4,0
S000664,C0054,2025-03-23,organic_search,desktop,1,0
S000665,C0135,2025-03-20,organic_search,mobile,5,0
S000666,C0064,2025-06-30,email,desktop,3,0
S000667,C0032,2025-09-04,organic_search,mobile,4,0
S000668,C0078,2025-05-11,paid_social,mobile,2,0
S000669,C0033,2025-12-25,paid_social,mobile,6,0
S000670,C0112,2025-12-11,paid_social,mobile,1,0
S000671,,2025-03-30,organic_search,mobile,4,0
S000672,C0039,2025-02-21,paid_search,mobile,7,0
S000673,C0138,2025-04-09,organic_search,mobile,4,0
S000674,,2025-01-20,direct,desktop,3,0
S000675,,2025-08-11,paid_search,desktop,2,0
S000676,,2025-10-21,paid_search,mobile,7,0
S000677,,2025-02-03,referral,mobile,3,0
S000678,C0026,2025-01-31,paid_social,desktop,5,0
S000679,,2025-02-13,organic_search,desktop,3,0
S000680,,2025-08-25,paid_search,mobile,5,0
S000681,C0106,2025-02-28,paid_social,desktop,6,0
S000682,C0006,2025-04-26,paid_search,mobile,6,0
S000683,C0137,2025-07-20,paid_search,mobile,1,0
S000684,C0150,2025-09-29,paid_social,mobile,1,0
S000685,C0105,2025-04-19,email,mobile,1,0
S000686,C0031,2025-02-10,email,desktop,4,0
S000687,,2025-05-13,email,desktop,5,0
S000688,,2025-06-03,organic_search,desktop,2,0
S000689,C0037,2025-11-26,organic_search,mobile,3,0
S000690,C0060,2025-06-22,paid_search,mobile,5,1
S000691,,2025-06-01,organic_search,mobile,4,0
S000692,C0018,2025-06-03,paid_search,desktop,3,0
S000693,,2025-07-22,email,desktop,4,0
S000694,C0125,2025-08-16,organic_search,mobile,3,0
S000695,C0083,2025-09-03,email,desktop,1,0
S000696,,2025-01-22,email,mobile,6,0
S000697,C0040,2025-08-14,organic_search,desktop,2,0
S000698,,2025-05-20,direct,mobile,6,0
S000699,C0107,2025-02-11,paid_search,mobile,5,0
S000700,C0017,2025-02-22,direct,mobile,3,0
S000701,C0005,2025-07-12,organic_search,desktop,4,0
S000702,C0024,2025-10-11,paid_search,mobile,4,0
S000703,C0107,2025-08-14,organic_search,mobile,4,0
S000704,,2025-12-03,organic_search,mobile,3,0
S000705,C0026,2025-08-08,paid_search,desktop,1,0
S000706,C0048,2025-10-22,organic_search,mobile,2,0
S000707,,2025-05-21,email,mobile,6,0
S000708,C0095,2025-02-28,organic_search,desktop,5,0
S000709,C0064,2025-07-31,direct,mobile,1,0
S000710,C0120,2025-05-12,direct,desktop,2,0
S000711,,2025-10-08,email,desktop,3,0
S000712,C0045,2025-07-04,organic_search,desktop,3,0
S000713,C0183,2025-11-30,paid_search,desktop,5,0
S000714,C0012,2025-04-08,referral,mobile,5,0
S000715,,2025-12-08,email,desktop,2,0
S000716,C0132,2025-07-22,paid_search,desktop,2,0
S000717,C0143,2025-08-27,paid_search,mobile,3,0
S000718,,2025-07-04,direct,mobile,3,0
S000719,C0122,2025-06-20,organic_search,mobile,5,0
S000720,C0044,2025-02-15,paid_search,mobile,1,0
S000721,C0027,2025-09-26,paid_search,desktop,4,0
S000722,C0078,2025-02-12,organic_search,mobile,7,1
S000723,C0098,2025-08-27,paid_search,desktop,3,0
S000724,,2025-05-10,paid_search,mobile,4,0
S000725,C0108,2025-10-25,email,mobile,2,1
S000726,C0009,2025-03-05,paid_social,mobile,4,0
S000727,C0179,2025-09-06,organic_search,desktop,5,0
S000728,C0049,2025-02-16,paid_social,mobile,6,0
S000729,C0154,2025-08-11,direct,desktop,2,0
S000730,C0027,2025-01-20,organic_search,desktop,3,0
S000731,C0170,2025-05-21,direct,desktop,1,0
S000732,C0029,2025-12-19,email,desktop,4,0
S000733,C0181,2025-03-07,paid_search,mobile,3,0
S000734,C0124,2025-01-24,email,mobile,2,0
S000735,,2025-02-08,paid_search,mobile,6,0
S000736,C0023,2025-07-31,paid_search,mobile,1,1
S000737,C0087,2025-06-06,email,mobile,7,1
S000738,,2025-08-09,paid_search,mobile,5,0
S000739,,2025-02-18,paid_social,desktop,5,0
S000740,C0096,2025-02-20,email,mobile,2,1
S000741,C0067,2025-07-29,email,mobile,2,0
S000742,C0027,2025-09-12,paid_social,desktop,3,0
S000743,,2025-11-03,organic_search,desktop,4,0
S000744,C0108,2025-12-07,email,desktop,2,1
S000745,C0064,2025-06-29,email,mobile,3,0
S000746,C0140,2025-05-01,direct,mobile,7,0
S000747,C0169,2025-01-15,organic_search,desktop,2,0
S000748,C0078,2025-11-21,direct,mobile,2,0
S000749,C0038,2025-06-14,paid_social,desktop,4,0
S000750,,2025-05-15,paid_search,mobile,2,0
S000751,,2025-12-27,paid_social,tablet,4,0
S000752,,2025-02-21,paid_search,mobile,1,0
S000753,C0089,2025-03-20,paid_social,mobile,1,0
S000754,,2025-05-19,paid_social,mobile,2,0
S000755,,2025-01-01,organic_search,mobile,4,0
S000756,C0040,2025-07-14,paid_search,mobile,3,0
S000757,C0032,2025-08-24,organic_search,mobile,5,0
S000758,C0079,2025-04-28,direct,mobile,1,0
S000759,,2025-04-04,paid_social,desktop,6,0
S000760,C0034,2025-04-05,organic_search,desktop,1,0
S000761,C0146,2025-08-18,organic_search,mobile,2,0
S000762,C0063,2025-12-22,email,desktop,3,0
S000763,C0197,2025-01-04,organic_search,mobile,3,0
S000764,C0041,2025-08-15,paid_search,mobile,7,0
S000765,,2025-02-07,direct,mobile,5,0
S000766,,2025-08-21,email,desktop,2,0
S000767,C0116,2025-03-01,paid_search,mobile,4,0
S000768,C0137,2025-07-05,email,mobile,7,0
S000769,,2025-05-25,organic_search,mobile,2,0
S000770,,2025-11-23,paid_social,mobile,4,0
S000771,C0023,2025-03-02,organic_search,mobile,4,0
S000772,,2025-09-15,paid_social,desktop,2,0
S000773,C0049,2025-01-04,organic_search,mobile,6,0
S000774,,2025-11-22,paid_social,mobile,1,0
S000775,C0040,2025-06-07,organic_search,mobile,2,0
S000776,C0199,2025-10-29,organic_search,tablet,7,0
S000777,C0164,2025-09-14,direct,mobile,4,0
S000778,C0096,2025-04-20,organic_search,mobile,3,0
S000779,C0179,2025-12-16,paid_social,mobile,5,0
S000780,C0148,2025-12-05,direct,desktop,3,0
S000781,C0028,2025-04-26,paid_search,mobile,2,0
S000782,C0090,2025-10-20,organic_search,mobile,2,0
S000783,C0139,2025-08-07,organic_search,mobile,7,0
S000784,C0131,2025-04-16,email,desktop,3,1
S000785,,2025-02-10,direct,mobile,4,0
S000786,C0137,2025-02-09,paid_search,mobile,1,0
S000787,C0098,2025-03-20,direct,desktop,3,0
S000788,C0058,2025-03-05,paid_search,mobile,4,1
S000789,C0161,2025-05-23,organic_search,tablet,3,0
S000790,C0184,2025-06-27,paid_social,mobile,6,0
S000791,C0196,2025-10-15,paid_search,mobile,2,0
S000792,C0143,2025-06-21,organic_search,desktop,5,0
S000793,,2025-12-20,direct,desktop,3,0
S000794,,2025-12-27,paid_search,mobile,2,0
S000795,C0144,2025-09-02,email,desktop,5,0
S000796,,2025-01-16,email,desktop,3,0
S000797,C0166,2025-06-11,organic_search,mobile,2,0
S000798,C0121,2025-04-22,organic_search,desktop,1,0
S000799,,2025-12-19,paid_social,desktop,1,0
S000800,C0053,2025-05-26,organic_search,mobile,5,0
